{
  "name": "angular-gettext",
  "version": "2.4.1",
  "main": "dist/angular-gettext.js",
  "ignore": [
    "**/.*",
    "src",
    "node_modules",
    "bower_components",
    "test",
    "genplurals.py",
    "Gruntfile.js"
  ],
  "dependencies": {
    "angular": ">=1.2.0"
  },
  "devDependencies": {
    "jquery": ">=1.8.0",
    "angular-mocks": ">=1.2.0"
  },
  "homepage": "https://github.com/rubenv/angular-gettext",
  "_release": "2.4.1",
  "_resolution": {
    "type": "version",
    "tag": "v2.4.1",
    "commit": "7409cd1dfe1188db9d513c0c19c7f16aea6a08b6"
  },
  "_source": "https://github.com/rubenv/angular-gettext.git",
  "_target": "^2.4.1",
  "_originalSource": "angular-gettext",
  "_direct": true
}